{
  "project_info": {
    "project_number": "363159457930",
    "firebase_url": "https://uas-mobile-81bfc.firebaseio.com",
    "project_id": "uas-mobile-81bfc",
    "storage_bucket": "uas-mobile-81bfc.appspot.com"
  },
  "client": [
    {
      "client_info": {
        "mobilesdk_app_id": "1:363159457930:android:89cd68802b8c318fc39d73",
        "android_client_info": {
          "package_name": "com.daffatahta.mobile2019UAS"
        }
      },
      "oauth_client": [
        {
          "client_id": "363159457930-m4bm2cv734cdot5kfgbp8fs2mf8ut4dc.apps.googleusercontent.com",
          "client_type": 1,
          "android_info": {
            "package_name": "com.daffatahta.mobile2019UAS",
            "certificate_hash": "aa056f2dd47983c3081c6ad936c2917f4b76b7af"
          }
        },
        {
          "client_id": "363159457930-nugjtdt1c09ilkuchnnl432stkj0akm2.apps.googleusercontent.com",
          "client_type": 3
        }
      ],
      "api_key": [
        {
          "current_key": "AIzaSyBd0SSvjX9E2QuYjipEYlFVoYx8qdQ-RSY"
        }
      ],
      "services": {
        "appinvite_service": {
          "other_platform_oauth_client": [
            {
              "client_id": "363159457930-nugjtdt1c09ilkuchnnl432stkj0akm2.apps.googleusercontent.com",
              "client_type": 3
            }
          ]
        }
      }
    },
    {
      "client_info": {
        "mobilesdk_app_id": "1:363159457930:android:a2bb18f28b494797c39d73",
        "android_client_info": {
          "package_name": "com.daffatahta.uas"
        }
      },
      "oauth_client": [
        {
          "client_id": "363159457930-go5tohhh3fkltvv20gimanampcalpc28.apps.googleusercontent.com",
          "client_type": 1,
          "android_info": {
            "package_name": "com.daffatahta.uas",
            "certificate_hash": "aa056f2dd47983c3081c6ad936c2917f4b76b7af"
          }
        },
        {
          "client_id": "363159457930-nugjtdt1c09ilkuchnnl432stkj0akm2.apps.googleusercontent.com",
          "client_type": 3
        }
      ],
      "api_key": [
        {
          "current_key": "AIzaSyBd0SSvjX9E2QuYjipEYlFVoYx8qdQ-RSY"
        }
      ],
      "services": {
        "appinvite_service": {
          "other_platform_oauth_client": [
            {
              "client_id": "363159457930-nugjtdt1c09ilkuchnnl432stkj0akm2.apps.googleusercontent.com",
              "client_type": 3
            }
          ]
        }
      }
    }
  ],
  "configuration_version": "1"
}